{
  "logreg": {
    "accuracy": 0.48333333333333334,
    "precision": 0.6666666666666666,
    "recall": 0.22857142857142856,
    "confusion_matrix_image": "/static/metrics/cm_logreg.png"
  },
  "knn": {
    "accuracy": 0.7333333333333333,
    "precision": 0.7209302325581395,
    "recall": 0.8857142857142857,
    "confusion_matrix_image": "/static/metrics/cm_knn.png"
  }
}